policy,sessionId,seed,completed,abortedByLoopCap,abortedByStagnation,exploreCount,restCount,craftWeaponCount,craftArmorCount,craftSteelCount,craftMithrilCount,consecutiveWeaponCraftMax,armorLagMax,resourceConversionCount,convBlockedByForgeLevel,convBlockedByOre,convBlockedByTargetInactive,convBlockedByTargetMet,enhanceBlockedByPairMissing,enhanceBlockedByMaterials,forgeUpgradeCount,enhanceCountTotal,enhance0to5,enhance6to9,enhance10plus,plus6Reached,plus6ReachedLogicalTimeMs,plus1ReachedLogicalTimeMs,plus2ReachedLogicalTimeMs,plus3ReachedLogicalTimeMs,plus4ReachedLogicalTimeMs,plus5ReachedLogicalTimeMs,plus7ReachedLogicalTimeMs,plus8ReachedLogicalTimeMs,plus9ReachedLogicalTimeMs,plus10ReachedLogicalTimeMs,plus11ReachedLogicalTimeMs,plus12ReachedLogicalTimeMs,floor1Reached,floor1FirstExploreLogicalTimeMs,floor1ClearLogicalTimeMs,floor2Reached,floor2FirstExploreLogicalTimeMs,floor2ClearLogicalTimeMs,floor3Reached,floor3FirstExploreLogicalTimeMs,floor3ClearLogicalTimeMs,enhanceSuccessRateTotal,enhanceSuccessRate0to5,enhanceSuccessRate6to9,enhanceSuccessRate10plus,enhanceExpectedRateTotal,enhanceExpectedRate0to5,enhanceExpectedRate6to9,enhanceExpectedRate10plus,logicalExploreTimeMs,logicalTownTimeMs,logicalPlayTimeMs,ironEarned,ironSpent,steelEarned,steelSpent,mithrilEarned,mithrilSpent,finalBestPlus,finalAttack,finalMaxHp
conservative,conservative-001,20260310,true,false,false,45,44,99,91,1,6,5,21,7,0,110,109,235,260,11,3,166,160,6,0,true,647080,26040,61980,121000,224360,410640,669380,689020,718520,,,,true,0,,true,124000,,true,675580,760320,0.9120879120879121,0.9467455621301775,0.46153846153846156,0,0.8946703296703291,0.9159171597633132,0.6184615384615383,0,475520,284800,760320,1740,1649,623,362,177,13,9,10,55
conservative,conservative-002,20260311,true,false,false,44,43,95,88,1,4,5,10,5,0,162,92,188,260,0,3,167,160,7,0,true,659180,26040,61980,121000,194640,447840,679080,701120,705920,725820,,,true,0,,true,124000,,true,687680,742920,0.9488636363636364,0.9467455621301775,1,0,0.9039772727272722,0.9159171597633132,0.6157142857142857,0,467120,275800,742920,1690,1552,582,234,131,7,10,11,55
conservative,conservative-003,20260312,true,false,false,47,46,87,117,1,4,5,0,5,0,2,106,384,277,8,3,174,167,7,0,true,688100,26040,61980,134000,232840,411560,710400,731640,735240,783840,,,true,0,,true,137000,,true,717000,800940,0.8877551020408163,0.907608695652174,0.5833333333333334,0,0.896530612244897,0.9166847826086948,0.5875,0,499740,301200,800940,1833,1740,652,261,177,12,10,11,55
conservative,conservative-004,20260313,true,false,false,45,44,83,112,1,6,5,4,7,0,2,100,370,268,12,3,169,162,7,0,true,660240,26040,61980,136120,210560,403600,702440,706440,728340,755440,,,true,0,,true,139920,,true,710640,772540,0.8941798941798942,0.9050279329608939,0.7,0,0.8984656084656077,0.9155307262569826,0.593,0,482940,289600,772540,1760,1666,603,351,138,10,10,11,55
conservative,conservative-005,20260314,true,false,false,49,48,118,93,1,6,5,26,7,0,2,106,401,283,15,3,183,178,5,0,true,752740,26040,61980,151240,228860,491580,772640,799740,821780,,,,true,0,,true,171620,,true,804740,840080,0.8970588235294118,0.9081632653061225,0.625,0,0.9063235294117634,0.9171428571428559,0.6412499999999999,0,526080,314000,840080,1841,1751,586,338,85,8,9,9,55
conservative,conservative-006,20260315,true,false,false,46,45,113,90,1,6,5,25,7,0,185,100,196,281,7,3,180,174,6,0,true,702060,26040,61980,121000,209500,408940,721960,744000,767100,,,,true,0,,true,124000,,true,730560,791400,0.9137055837563451,0.925531914893617,0.6666666666666666,0,0.9022335025380701,0.9161702127659566,0.611111111111111,0,492400,299000,791400,1798,1708,618,344,131,9,9,10,55
conservative,conservative-007,20260316,true,false,false,51,50,103,132,1,6,5,8,7,0,2,94,464,307,19,3,209,204,5,0,true,824180,26040,61980,135320,210020,403860,827380,850480,872920,,,,true,0,,true,139920,,true,855480,891220,0.920704845814978,0.9272727272727272,0.7142857142857143,0,0.907797356828192,0.9161818181818164,0.6442857142857142,0,552420,338800,891220,1995,1905,651,332,85,7,9,9,55
conservative,conservative-008,20260317,true,false,false,50,49,120,92,1,6,5,28,7,0,139,98,278,283,16,5,181,174,5,2,true,720240,26040,61980,136120,209760,445440,742540,762980,768180,787280,845380,846980,true,0,,true,139920,,true,749540,864080,0.8786407766990292,0.8923076923076924,0.7142857142857143,0.5,0.8975728155339795,0.9172820512820503,0.6357142857142856,0.395,545080,319000,864080,2095,2000,789,333,269,48,12,8,70
conservative,conservative-009,20260318,true,false,false,43,42,88,92,1,4,5,4,5,0,2,94,340,245,10,3,157,151,6,0,true,639520,26040,61980,135320,210020,423780,665820,684000,706300,,,,true,0,,true,139920,,true,668820,726600,0.9127906976744186,0.9151515151515152,0.8571428571428571,0,0.9034302325581391,0.915272727272727,0.6242857142857142,0,456600,270000,726600,1629,1535,553,233,126,7,9,10,55
conservative,conservative-010,20260319,true,false,false,44,43,108,88,1,6,5,25,7,0,124,92,249,271,6,3,174,168,6,0,true,673400,26040,61980,121000,194640,390480,693300,697300,739240,,,,true,0,,true,124000,,true,701500,761140,0.925531914893617,0.9385474860335196,0.6666666666666666,0,0.9011702127659567,0.915810055865921,0.6099999999999999,0,474540,286600,761140,1746,1654,603,343,131,9,9,10,55
conservative,conservative-011,20260320,true,false,false,49,48,114,96,1,6,5,20,7,0,2,94,414,287,10,3,189,183,6,0,true,767220,26040,61980,135320,210020,530100,770420,791520,812760,,,,true,0,,true,139920,,true,797320,832660,0.9219512195121952,0.9195979899497487,1,0,0.9078536585365843,0.9162311557788936,0.63,0,518660,314000,832660,1823,1731,591,328,85,6,9,10,55
conservative,conservative-012,20260321,true,false,false,48,47,100,109,1,4,5,5,5,0,103,112,290,272,26,3,182,175,7,0,true,742280,26040,61980,136120,239480,418600,762180,783420,787420,807720,,,true,0,,true,139920,,true,769980,825220,0.900990099009901,0.8974358974358975,1,0,0.9067326732673255,0.9171794871794862,0.6157142857142857,0,516620,308600,825220,1879,1740,639,234,131,7,10,11,55
conservative,conservative-013,20260322,true,false,false,48,47,106,89,1,6,5,23,7,0,4,111,360,265,11,3,169,162,7,0,true,682500,26040,61980,121000,225160,447640,706800,729100,749000,779700,,,true,0,,true,124000,,true,734500,796400,0.9037433155080213,0.9257142857142857,0.5833333333333334,0,0.8967914438502667,0.9171999999999995,0.5991666666666665,0,498600,297800,796400,1773,1678,606,359,138,12,10,10,60
conservative,conservative-014,20260323,true,false,false,55,54,153,118,1,6,5,36,7,0,2,96,544,362,8,3,228,223,5,0,true,896300,26040,61980,121000,208700,439580,899500,939040,963480,,,,true,0,,true,124000,,true,926000,983380,0.8603773584905661,0.87109375,0.5555555555555556,0,0.908150943396224,0.9178124999999977,0.6333333333333332,0,602980,380400,983380,2253,2158,766,343,124,9,9,9,55
conservative,conservative-015,20260324,true,false,false,40,39,78,80,1,4,5,8,5,0,110,96,180,225,4,3,142,136,6,0,true,595980,26040,71660,131080,204720,386240,599180,620160,642460,,,,true,0,,true,134080,,true,602180,660760,0.9342105263157895,0.9379310344827586,0.8571428571428571,0,0.9038815789473685,0.9168965517241381,0.6342857142857142,0,416560,244200,660760,1468,1378,505,233,126,7,9,10,55
conservative,conservative-016,20260325,true,false,false,47,46,97,95,1,4,5,20,5,0,2,120,348,263,12,3,172,166,6,0,true,723900,26040,61980,181480,257780,467140,727100,748080,770780,,,,true,0,,true,186080,,true,732900,791080,0.9247311827956989,0.9273743016759777,0.8571428571428571,0,0.9062365591397842,0.9167039106145245,0.6385714285714285,0,498680,292400,791080,1720,1628,564,233,126,7,9,10,55
conservative,conservative-017,20260326,true,false,false,44,43,97,100,1,6,5,4,7,0,156,92,218,274,6,3,169,163,6,0,true,628660,26040,61980,121000,194640,358640,652160,692900,740300,,,,true,0,,true,124000,,true,679060,763000,0.8941798941798942,0.9367816091954023,0.4,0,0.8937037037037029,0.9171264367816087,0.6219999999999999,0,475600,287400,763000,1786,1693,642,371,177,15,9,10,55
conservative,conservative-018,20260327,true,false,false,48,47,103,94,1,4,5,21,5,0,2,114,364,268,12,3,169,163,6,0,true,707720,26040,61980,121000,225560,449900,710920,751140,754740,,,,true,0,,true,124000,,true,717120,796140,0.8941798941798942,0.9106145251396648,0.6,0,0.9016931216931209,0.9171508379888261,0.6249999999999998,0,497540,298600,796140,1769,1676,622,248,165,10,9,10,55
conservative,conservative-019,20260328,true,false,false,67,66,177,149,1,8,5,29,9,0,2,116,658,400,45,5,287,280,5,2,true,939400,26040,99380,173520,261220,436740,942600,964100,985600,1011900,1172700,1200200,true,0,,true,177720,983200,true,1158600,1220900,0.896875,0.9061488673139159,0.7142857142857143,0.5,0.8989062499999989,0.9120064724919081,0.6128571428571429,0.3875,758900,462000,1220900,2934,2840,983,434,138,51,12,8,70
conservative,conservative-020,20260329,true,false,false,47,46,100,108,1,6,5,2,7,0,124,100,277,283,10,3,183,176,7,0,true,724220,26040,61980,135320,211620,428980,748520,769620,791120,797520,,,true,0,,true,139920,,true,776620,814220,0.905940594059406,0.9119170984455959,0.7777777777777778,0,0.9025742574257416,0.9159585492227971,0.6155555555555555,0,508220,306000,814220,1838,1744,603,344,92,9,10,10,60
conservative,conservative-021,20260330,true,false,false,45,44,95,100,1,6,5,15,7,0,149,92,226,261,15,3,172,166,6,0,true,701120,26040,61980,121000,194640,445440,723420,728220,747460,,,,true,0,,true,124000,,true,733220,768560,0.9197860962566845,0.9222222222222223,0.8571428571428571,0,0.9071122994652399,0.9173333333333328,0.6442857142857142,0,479760,288800,768560,1716,1624,565,332,85,7,9,10,55
conservative,conservative-022,20260331,true,false,false,42,41,77,98,1,4,5,4,5,0,139,92,195,236,14,3,154,148,6,0,true,645380,26040,61980,121000,194640,408800,665280,687720,691320,,,,true,0,,true,124000,,true,674680,709620,0.9005847953216374,0.896969696969697,1,0,0.9076023391812862,0.9175151515151513,0.6349999999999999,0,445020,264600,709620,1578,1485,520,228,85,6,9,10,55
conservative,conservative-023,20260332,true,false,false,47,46,91,113,1,6,5,3,7,0,2,96,394,275,10,3,173,166,7,0,true,712800,26040,61980,121000,208700,386620,735100,759140,780240,784640,,,true,0,,true,124000,,true,742900,802140,0.8781725888324873,0.8877005347593583,0.7,0,0.9038071065989836,0.9181283422459883,0.6359999999999999,0,499740,302400,802140,1812,1707,621,348,131,10,10,11,55
conservative,conservative-024,20260333,true,false,false,58,57,141,109,1,6,5,33,7,0,220,110,270,348,7,5,220,213,5,2,true,854960,26040,61980,134000,236560,526000,858160,879260,900500,902900,955400,978100,true,0,,true,137000,,true,884260,998000,0.9053497942386831,0.9141630901287554,0.8333333333333334,0.5,0.8987242798353894,0.9151072961373374,0.6083333333333333,0.38000000000000006,625000,373000,998000,2375,2281,879,329,269,50,12,8,70
conservative,conservative-025,20260334,true,false,false,46,45,95,96,1,4,5,12,5,0,2,138,326,270,4,3,170,163,7,0,true,662600,26040,61980,121000,271340,446860,682500,705880,752880,756880,,,true,0,,true,124000,,true,691500,773580,0.918918918918919,0.9476744186046512,0.5384615384615384,0,0.8961621621621615,0.9165116279069764,0.6269230769230768,0,484980,288600,773580,1768,1677,628,263,172,13,10,11,55
conservative,conservative-026,20260335,true,false,false,76,75,221,198,1,8,5,25,9,0,2,118,855,316,238,5,365,358,5,2,true,706940,26040,61980,135320,252480,429600,729240,752340,777840,798540,1389540,1436940,true,0,,true,139920,773840,true,1371840,1458840,0.8924205378973105,0.9040404040404041,0.625,0.4,0.8873349633251855,0.8987373737373759,0.635,0.388,897040,561800,1458840,3740,3647,1287,437,184,61,12,8,70
conservative,conservative-027,20260336,true,false,false,45,44,82,107,1,4,5,6,5,0,2,98,359,264,6,3,168,162,6,0,true,689960,26040,71660,131080,205520,399360,693160,713340,734040,,,,true,0,,true,134080,,true,697760,755940,0.9230769230769231,0.9257142857142857,0.8571428571428571,0,0.9059340659340651,0.9175428571428564,0.6157142857142857,0,472340,283600,755940,1682,1589,574,234,126,7,9,10,55
conservative,conservative-028,20260337,true,false,false,53,52,114,118,1,4,5,10,5,0,155,112,290,317,8,3,199,192,7,0,true,789500,26040,86380,147260,236560,490800,811800,834640,862140,884840,,,true,0,,true,151460,,true,819200,902340,0.8883928571428571,0.9056603773584906,0.5833333333333334,0,0.9001785714285698,0.9165566037735834,0.6108333333333332,0,560740,341600,902340,2028,1929,707,260,177,12,10,10,60
conservative,conservative-029,20260338,true,false,false,42,41,93,79,1,4,5,17,5,0,2,96,325,243,6,3,160,155,5,0,true,617760,26040,61980,121000,208700,404540,638860,660240,685740,,,,true,0,,true,124000,,true,644660,704040,0.9523809523809523,0.96875,0.625,0,0.9018452380952378,0.9152499999999998,0.6337499999999999,0,441840,262200,704040,1580,1490,542,237,126,8,9,9,55
conservative,conservative-030,20260339,true,false,false,46,45,105,94,1,6,5,16,7,0,2,96,382,268,14,3,171,166,5,0,true,670320,26040,61980,121000,208700,476620,692620,715200,759000,,,,true,0,,true,124000,,true,699620,782100,0.8952879581151832,0.9273743016759777,0.4166666666666667,0,0.8992146596858628,0.9169273743016751,0.6349999999999999,0,487100,295000,782100,1784,1690,634,357,172,12,9,9,55
conservative,conservative-031,20260340,true,false,false,46,45,94,112,1,8,5,4,9,0,111,92,286,280,9,3,182,176,6,0,true,685340,26040,61980,121000,194640,376160,707640,753440,774540,,,,true,0,,true,124000,,true,759640,798040,0.9191919191919192,0.9411764705882353,0.5454545454545454,0,0.9012626262626249,0.9166310160427796,0.6399999999999999,0,496640,301400,798040,1817,1727,602,451,92,11,9,10,55
conservative,conservative-032,20260341,true,false,false,42,41,95,77,1,4,5,21,5,0,139,92,183,234,15,3,155,148,7,0,true,624140,26040,61980,121000,194640,376560,644040,664880,668880,689580,,,true,0,,true,124000,,true,651840,706680,0.9451219512195121,0.9426751592356688,1,0,0.9031097560975608,0.9161146496815288,0.6114285714285713,0,446080,260600,706680,1614,1475,558,234,131,7,10,11,55
conservative,conservative-033,20260342,true,false,false,58,57,135,126,1,4,5,10,5,0,252,128,248,352,16,3,228,222,6,0,true,905260,26040,61980,121000,255680,634320,908460,947080,969780,,,,true,0,,true,124000,,true,912660,992880,0.8941176470588236,0.9061224489795918,0.6,0,0.9049803921568605,0.9170204081632631,0.61,0,612280,380600,992880,2221,2129,769,249,165,10,9,10,55
conservative,conservative-034,20260343,true,false,false,47,46,116,97,1,4,5,25,5,0,135,92,283,298,4,3,193,187,6,0,true,729820,26040,61980,121000,194640,411600,750920,773100,793400,,,,true,0,,true,124000,,true,757120,814900,0.9368932038834952,0.9444444444444444,0.75,0,0.90514563106796,0.9156565656565646,0.6449999999999998,0,506100,308800,814900,1858,1763,635,237,126,8,9,10,55
conservative,conservative-035,20260344,true,false,false,55,54,136,105,1,6,5,32,7,0,4,119,458,323,11,5,203,196,5,2,true,687940,26040,61980,121000,238960,449760,710240,715040,756720,777820,885720,931120,true,0,,true,124000,,true,718440,953020,0.871244635193133,0.9245283018867925,0.5,0.18181818181818182,0.8754077253218879,0.9118396226415092,0.6309999999999999,0.39545454545454545,596620,356400,953020,2431,2337,1029,348,492,127,12,8,70
conservative,conservative-036,20260345,true,false,false,43,42,103,87,1,4,5,17,5,0,84,92,281,253,18,3,171,165,6,0,true,655480,26040,61980,121000,194640,357840,675380,695420,720120,,,,true,0,,true,124000,,true,682380,742420,0.9344262295081968,0.9482758620689655,0.6666666666666666,0,0.9002732240437152,0.9152873563218386,0.6099999999999999,0,464020,278400,742420,1708,1616,591,243,131,9,9,10,55
conservative,conservative-037,20260346,true,false,false,54,53,146,118,1,4,5,31,5,0,130,100,392,341,20,3,230,223,7,0,true,874500,26040,86380,146460,221960,383560,877700,899080,921780,948080,,,true,0,,true,151060,,true,883900,965180,0.8949416342412452,0.9065040650406504,0.6363636363636364,0,0.9029182879377409,0.9163414634146319,0.6027272727272727,0,594580,370600,965180,2234,2139,779,255,172,11,10,11,55
conservative,conservative-038,20260347,true,false,false,65,64,138,162,1,4,5,18,5,0,122,172,427,413,6,3,264,257,7,0,true,1067440,26040,61980,181480,348540,551140,1070640,1091620,1114320,1118320,,,true,0,,true,186080,,true,1077240,1135020,0.8949152542372881,0.8954703832752613,0.875,0,0.908508474576269,0.916411149825782,0.6249999999999999,0,701820,433200,1135020,2508,2418,819,239,126,8,10,11,55
conservative,conservative-039,20260348,true,false,false,42,41,87,81,1,4,5,16,5,0,2,106,304,230,11,3,149,144,5,0,true,636040,26040,61980,151640,228860,422700,639240,660220,683720,,,,true,0,,true,171620,,true,644640,703220,0.9197530864197531,0.9230769230769231,0.8333333333333334,0,0.9064814814814814,0.9169230769230771,0.6349999999999999,0,445020,258200,703220,1537,1447,510,228,126,6,9,9,55
conservative,conservative-040,20260349,true,false,false,50,49,104,102,1,6,5,6,7,0,132,152,210,285,10,3,181,174,7,0,true,747400,26040,61980,134000,309540,471140,769700,791340,816040,820040,,,true,0,,true,137000,,true,778300,837140,0.9187817258883249,0.93048128342246,0.7,0,0.9008121827411156,0.9163636363636354,0.6099999999999999,0,524940,312200,837140,1871,1772,635,349,131,10,10,10,60
conservative,conservative-041,20260350,true,false,false,58,57,135,156,1,4,5,3,5,0,2,96,590,377,17,3,251,244,7,0,true,931340,26040,61980,121000,208700,403340,951240,976880,999580,1025080,,,true,0,,true,124000,,true,960240,1042580,0.8869257950530035,0.9003690036900369,0.5833333333333334,0,0.9038515901060046,0.9166420664206617,0.6149999999999999,0,638780,403800,1042580,2434,2324,854,260,177,12,10,10,60
conservative,conservative-042,20260351,true,false,false,49,48,97,103,1,6,5,18,7,0,4,125,361,275,8,3,176,169,7,0,true,727900,26040,61980,135320,254080,468880,747800,773840,794540,799740,,,true,0,,true,140320,,true,758000,816840,0.9072164948453608,0.9135135135135135,0.7777777777777778,0,0.9028865979381436,0.9164864864864859,0.6233333333333332,0,511240,305600,816840,1799,1702,607,343,131,9,10,11,55
conservative,conservative-043,20260352,true,false,false,48,47,109,106,1,4,5,12,5,0,136,108,272,293,13,3,181,175,6,0,true,718120,26040,61980,136120,225420,443180,738820,760460,787160,,,,true,0,,true,139920,,true,744620,828960,0.8701923076923077,0.8928571428571429,0.5,0,0.8993749999999987,0.9179591836734682,0.5958333333333331,0,515560,313400,828960,1899,1808,671,259,177,12,9,10,55
conservative,conservative-044,20260353,true,false,false,45,44,98,98,1,6,5,6,7,0,131,96,241,269,8,3,170,163,7,0,true,692640,26040,61980,135320,210820,372420,712540,735380,739780,760080,,,true,0,,true,139920,,true,721140,777180,0.8994708994708994,0.9005524861878453,0.875,0,0.9046560846560836,0.9166298342541427,0.6337499999999999,0,487180,290000,777180,1779,1647,608,338,131,8,10,10,60
conservative,conservative-045,20260354,true,false,false,55,54,133,106,1,6,5,28,7,0,2,124,455,328,10,3,209,204,5,0,true,856140,26040,61980,178560,268920,484120,878440,901940,923580,,,,true,0,,true,183160,,true,906140,942280,0.8931623931623932,0.9026548672566371,0.625,0,0.907948717948716,0.9169026548672549,0.6549999999999999,0,587080,355200,942280,2046,1956,649,337,85,8,9,9,55
conservative,conservative-046,20260355,true,false,false,48,47,94,111,1,4,5,2,5,0,152,110,231,282,10,3,182,176,6,0,true,746760,26040,86380,146460,234700,433340,749960,772540,794440,,,,true,0,,true,151060,,true,755760,813540,0.9191919191919192,0.9263157894736842,0.75,0,0.9054040404040392,0.9163157894736831,0.6462499999999999,0,508140,305400,813540,1806,1716,608,237,126,8,9,10,55
conservative,conservative-047,20260356,true,false,false,45,44,86,88,1,4,5,14,5,0,2,110,319,243,6,3,160,154,6,0,true,683020,26040,61980,151640,244240,440980,702920,724960,728560,,,,true,0,,true,188200,,true,711920,746860,0.9467455621301775,0.9447852760736196,1,0,0.9059171597633134,0.9158895705521471,0.6349999999999999,0,474460,272400,746860,1590,1496,495,228,85,6,9,10,55
conservative,conservative-048,20260357,true,false,false,48,47,101,108,1,4,5,13,5,0,2,94,409,286,10,3,185,179,6,0,true,729000,26040,61980,121000,195440,530240,748900,770540,794040,,,,true,0,,true,124000,,true,757500,816740,0.9158415841584159,0.927461139896373,0.6666666666666666,0,0.9033663366336623,0.9170466321243513,0.6099999999999999,0,508140,308600,816740,1834,1739,627,243,131,9,9,10,55
conservative,conservative-049,20260358,true,false,false,48,47,99,109,1,6,5,4,7,0,97,114,293,281,14,3,184,179,5,0,true,760300,26040,61980,151240,243720,421240,763500,805440,809440,,,,true,0,,true,171220,,true,792000,828540,0.9019607843137255,0.9086294416243654,0.7142857142857143,0,0.908039215686273,0.9171065989847702,0.6528571428571428,0,518740,309800,828540,1823,1733,582,333,85,7,9,9,55
conservative,conservative-050,20260359,true,false,false,46,45,97,100,1,6,5,8,7,0,2,106,367,270,8,3,170,164,6,0,true,700840,26040,61980,151240,228860,422700,724740,746520,768420,,,,true,0,,true,171220,,true,729740,787920,0.8994708994708994,0.9111111111111111,0.6666666666666666,0,0.904973544973544,0.9171111111111104,0.6622222222222222,0,494520,293400,787920,1749,1659,580,341,126,9,9,10,55
balanced,balanced-001,20260360,true,false,false,47,46,96,116,1,4,5,10,5,0,116,104,286,287,8,3,183,176,7,0,true,693720,26040,61980,120480,210840,392360,716020,739260,761560,787060,,,true,0,,true,64980,,true,722620,804560,0.8926829268292683,0.9072164948453608,0.6363636363636364,0,0.8997073170731696,0.9167525773195866,0.5990909090909089,0,496560,308000,804560,1906,1785,701,254,177,11,10,11,55
balanced,balanced-002,20260361,true,false,false,45,44,99,80,1,6,5,23,7,0,4,111,323,248,8,3,160,154,6,0,true,662880,26040,61980,120480,212440,423240,666080,687180,711080,,,,true,0,,true,64980,,true,694180,731780,0.9302325581395349,0.9333333333333333,0.8571428571428571,0,0.9044767441860463,0.9165454545454544,0.62,0,455380,276400,731780,1629,1535,555,333,92,7,9,10,55
balanced,balanced-003,20260362,true,false,false,56,55,132,147,1,6,5,18,7,0,151,100,407,366,16,3,247,241,6,0,true,905600,26040,61980,109340,197840,430320,927900,954080,974780,,,,true,0,,true,64980,,true,937300,995880,0.9047619047619048,0.9198473282442748,0.5454545454545454,0,0.9054578754578732,0.9161068702290055,0.6518181818181816,0,606080,389800,995880,2328,2235,811,349,126,11,9,10,55
balanced,balanced-004,20260363,true,false,false,45,44,91,92,1,4,5,10,5,0,2,115,330,248,14,3,159,152,7,0,true,622520,26040,61980,109340,214300,409980,625720,665540,711340,718540,,,true,0,,true,64980,,true,631120,735240,0.9034090909090909,0.9382716049382716,0.5,0,0.8931818181818177,0.9176543209876541,0.61,0,456440,278800,735240,1699,1606,647,269,211,14,10,10,60
balanced,balanced-005,20260364,true,false,false,42,41,91,90,1,4,5,12,5,0,110,92,234,242,14,3,156,150,6,0,true,613260,26040,61980,109340,182980,379220,616460,638240,659340,,,,true,0,,true,64980,,true,623060,704740,0.896551724137931,0.9202453987730062,0.5454545454545454,0,0.8975862068965516,0.9171165644171779,0.6081818181818182,0,436540,268200,704740,1652,1561,614,254,172,11,9,10,55
balanced,balanced-006,20260365,true,false,false,51,50,99,123,1,6,5,4,7,0,2,98,437,301,12,3,198,192,6,0,true,792460,26040,86380,133740,208440,436920,795660,816760,838000,,,,true,0,,true,90580,,true,822960,858300,0.9166666666666666,0.9142857142857143,1,0,0.9083333333333319,0.9162857142857129,0.63,0,529100,329200,858300,1906,1814,638,328,85,6,9,10,55
balanced,balanced-007,20260366,true,false,false,50,49,104,118,1,4,5,3,5,0,2,94,441,307,6,3,198,191,7,0,true,732200,26040,61980,109340,183780,538500,754500,775340,778940,828740,,,true,0,,true,64980,,true,761500,845440,0.9124423963133641,0.9317073170731708,0.5833333333333334,0,0.8970506912442385,0.9150243902439014,0.5899999999999999,0,519640,325800,845440,1954,1864,712,260,177,12,10,11,55
balanced,balanced-008,20260367,true,false,false,53,52,131,119,1,4,5,25,5,0,2,94,500,330,15,3,212,205,7,0,true,806820,26040,61980,109340,183780,428580,810020,831000,878000,900300,,,true,0,,true,64980,,true,815020,917800,0.8760330578512396,0.8913043478260869,0.5833333333333334,0,0.9023553719008245,0.9176521739130415,0.6091666666666665,0,561800,356000,917800,2170,2035,808,259,218,12,10,11,55
balanced,balanced-009,20260368,true,false,false,51,50,119,118,1,4,5,13,5,0,2,94,470,324,6,3,199,193,6,0,true,764080,26040,61980,109340,183780,466020,783980,806020,853020,,,,true,0,,true,64980,,true,792580,876120,0.868995633187773,0.8894009216589862,0.5,0,0.9011790393013085,0.9179262672811044,0.5983333333333332,0,536520,339600,876120,2040,1946,742,259,177,12,9,10,55
balanced,balanced-010,20260369,true,false,false,46,45,106,92,1,6,5,17,7,0,2,94,382,270,11,3,176,170,6,0,true,704860,26040,61980,109340,183780,463620,708060,729160,751200,,,,true,0,,true,64980,,true,736160,771100,0.9214659685863874,0.918918918918919,1,0,0.9074869109947635,0.9164864864864858,0.63,0,476500,294600,771100,1738,1645,591,328,85,6,9,10,55
balanced,balanced-011,20260370,true,false,false,49,48,97,123,1,4,5,2,5,0,110,108,312,303,10,3,189,182,7,0,true,748420,26040,61980,121280,210580,409620,769520,789960,812260,816660,,,true,0,,true,64980,,true,775720,833760,0.8873239436619719,0.8878048780487805,0.875,0,0.9061502347417828,0.9176097560975598,0.6125,0,513360,320400,833760,1924,1815,679,239,131,8,10,11,55
balanced,balanced-012,20260371,true,false,false,46,45,103,95,1,4,5,21,5,0,97,96,285,273,6,3,171,164,7,0,true,641400,26040,71660,119420,193060,373780,663700,685480,730480,755580,,,true,0,,true,75060,,true,671100,773080,0.9,0.9318181818181818,0.5,0,0.8940526315789467,0.9163068181818176,0.6142857142857141,0,479680,293400,773080,1844,1701,701,268,218,14,10,11,55
balanced,balanced-013,20260372,true,false,false,51,50,88,125,1,4,5,7,5,0,2,94,426,290,14,5,183,175,4,4,true,664380,26040,61980,109340,183780,395940,684280,704060,706860,729700,796260,817900,true,0,,true,64980,,true,691680,862500,0.8755980861244019,0.8974358974358975,0.5714285714285714,0.5714285714285714,0.8848803827751192,0.9142051282051277,0.5828571428571429,0.37,539700,322800,862500,2160,2068,892,237,360,89,14,15,40
balanced,balanced-014,20260373,true,false,false,48,47,90,108,1,4,5,9,5,0,4,113,369,273,10,3,177,171,6,0,true,699800,26040,61980,133620,221320,419260,722500,741340,764040,,,,true,0,,true,64980,,true,727500,787540,0.917098445595855,0.9243243243243243,0.75,0,0.9036269430051803,0.9158378378378369,0.6212499999999999,0,486940,300600,787540,1770,1678,624,238,131,8,9,10,55
balanced,balanced-015,20260374,true,false,false,45,44,85,96,1,4,5,3,5,0,2,104,338,260,0,3,164,157,7,0,true,652000,26040,86380,133740,208980,435860,677100,697940,718240,722240,,,true,0,,true,90580,,true,682100,739340,0.9371428571428572,0.9401197604790419,0.875,0,0.9005142857142854,0.9142514970059878,0.6137499999999999,0,461740,277600,739340,1676,1560,590,239,131,8,10,11,55
balanced,balanced-016,20260375,true,false,false,45,44,86,94,1,4,5,7,5,0,2,114,325,246,11,3,157,150,7,0,true,645360,26040,61980,145960,232860,409980,648560,687980,691180,714280,,,true,0,,true,64980,,true,654360,731780,0.9075144508670521,0.9146341463414634,0.7777777777777778,0,0.9013872832369937,0.9173170731707313,0.611111111111111,0,455380,276400,731780,1675,1555,615,244,165,9,10,11,55
balanced,balanced-017,20260376,true,false,false,50,49,108,110,1,6,5,8,7,0,152,136,232,300,11,3,185,178,7,0,true,713080,26040,61980,109340,258880,474640,734180,757680,781720,827920,,,true,0,,true,64980,,true,764280,845020,0.8809523809523809,0.9081632653061225,0.5,0,0.8967142857142847,0.9173469387755092,0.6078571428571428,0,522820,322200,845020,1982,1865,722,369,177,14,10,11,55
balanced,balanced-018,20260377,true,false,false,49,48,105,105,1,4,5,8,5,0,96,144,266,285,12,3,174,167,7,0,true,689440,26040,61980,120480,272680,450200,709340,751560,778000,801500,,,true,0,,true,64980,,true,718340,819000,0.8613861386138614,0.8882978723404256,0.5,0,0.8989108910891077,0.9187234042553181,0.6328571428571427,0,507000,312000,819000,1914,1807,716,267,204,14,10,11,55
balanced,balanced-019,20260378,true,false,false,51,50,110,137,1,6,5,3,7,0,137,92,357,330,14,3,214,208,6,0,true,764100,26040,61980,109340,182980,415060,786400,811100,874940,,,,true,0,,true,64980,,true,814100,898440,0.8879668049792531,0.9203539823008849,0.4,0,0.8967634854771768,0.9157964601769895,0.6099999999999999,0,549240,349200,898440,2140,2046,779,372,177,15,9,10,55
balanced,balanced-020,20260379,true,false,false,44,43,93,100,1,6,5,5,7,0,2,94,368,270,2,3,174,167,7,0,true,657880,26040,61980,109340,183780,359300,661080,701020,705020,730120,,,true,0,,true,64980,,true,687580,746820,0.93048128342246,0.943502824858757,0.7,0,0.8985561497326195,0.9154237288135587,0.5999999999999999,0,461820,285000,746820,1738,1646,620,350,131,10,10,10,60
balanced,balanced-021,20260380,true,false,false,43,42,94,93,1,4,5,11,5,0,2,94,355,260,2,3,164,157,7,0,true,635300,26040,61980,109340,183780,376020,638500,659080,681780,708080,,,true,0,,true,64980,,true,644700,725180,0.9111111111111111,0.9235294117647059,0.7,0,0.8986666666666662,0.9168235294117643,0.59,0,449180,276000,725180,1706,1599,632,250,172,10,10,10,60
balanced,balanced-022,20260381,true,false,false,67,66,180,168,1,4,5,24,5,0,166,118,534,455,16,3,309,302,7,0,true,1095440,26040,61980,133220,236580,488180,1115340,1140980,1166480,1189180,,,true,0,,true,64980,,true,1124340,1206680,0.9088235294117647,0.9207317073170732,0.5833333333333334,0,0.904735294117645,0.9154878048780466,0.6108333333333332,0,730280,476400,1206680,2848,2738,1010,260,177,12,10,11,55
balanced,balanced-023,20260382,true,false,false,56,55,129,116,1,4,5,13,5,0,2,136,456,326,14,5,213,205,5,3,true,737480,26040,61980,120480,257820,522540,740680,781300,801740,806140,909240,930740,true,0,,true,64980,,true,745280,953840,0.891213389121339,0.9111111111111111,0.625,0.5,0.8910878661087855,0.9131555555555546,0.6387499999999999,0.4000000000000001,591240,362600,953840,2396,2306,1004,238,434,71,13,8,75
balanced,balanced-024,20260383,true,false,false,50,49,104,112,1,4,5,3,5,0,175,100,250,299,12,3,189,183,6,0,true,749460,26040,84260,131620,205260,491100,770560,792600,816900,,,,true,0,,true,87260,,true,776760,836400,0.8957345971563981,0.905940594059406,0.6666666666666666,0,0.9042180094786717,0.917128712871286,0.6144444444444442,0,515400,321000,836400,1884,1790,659,243,131,9,9,10,55
balanced,balanced-025,20260384,true,false,false,48,47,98,98,1,6,5,5,7,0,100,154,223,269,14,3,170,165,5,0,true,705360,26040,61980,109340,289400,453400,729660,752360,773600,,,,true,0,,true,64980,,true,757360,792700,0.8947368421052632,0.9116022099447514,0.5555555555555556,0,0.904421052631578,0.9172928176795574,0.6455555555555554,0,493300,299400,792700,1786,1692,604,341,85,9,9,9,55
balanced,balanced-026,20260385,true,false,false,52,51,124,103,1,6,5,23,7,0,2,116,431,312,6,3,196,190,6,0,true,785820,26040,61980,109340,214700,460680,808120,811320,853800,,,,true,0,,true,64980,,true,815120,873300,0.8909090909090909,0.9004739336492891,0.6666666666666666,0,0.9044999999999984,0.9162085308056857,0.6299999999999998,0,537500,335800,873300,1971,1881,687,343,124,9,9,10,55
balanced,balanced-027,20260386,true,false,false,60,59,142,159,1,6,5,28,7,0,2,112,599,402,8,3,269,263,6,0,true,980080,26040,61980,145960,219600,395120,983280,1026420,1048860,,,,true,0,,true,64980,,true,1010180,1067960,0.9087837837837838,0.9195804195804196,0.6,0,0.9063175675675654,0.9158741258741236,0.6329999999999998,0,648160,419800,1067960,2487,2392,864,348,124,10,9,10,55
balanced,balanced-028,20260387,true,false,false,41,40,88,84,1,4,5,7,5,0,87,96,231,228,15,3,152,145,7,0,true,592020,26040,61980,120480,195980,357580,595220,633840,658540,663340,,,true,0,,true,64980,,true,600620,680440,0.926829268292683,0.9415584415584416,0.7,0,0.8985975609756096,0.9177922077922076,0.6029999999999999,0,422840,257600,680440,1585,1493,589,249,165,10,10,11,55
balanced,balanced-029,20260388,true,false,false,47,46,90,102,1,6,5,10,7,0,2,114,352,262,11,3,170,163,7,0,true,677740,26040,61980,109340,213500,425100,700040,705640,748240,753840,,,true,0,,true,64980,,true,709440,770940,0.9239130434782609,0.9367816091954023,0.7,0,0.8985326086956514,0.9156896551724132,0.5999999999999999,0,478540,292400,770940,1747,1652,619,350,138,10,10,11,55
balanced,balanced-030,20260389,true,false,false,46,45,115,89,1,6,5,27,7,0,167,92,226,281,8,3,183,178,5,0,true,717760,26040,61980,109340,182980,365300,737660,741660,762500,,,,true,0,,true,64980,,true,745860,782000,0.9195979899497487,0.9222797927461139,0.8333333333333334,0,0.9079899497487426,0.9166321243523305,0.63,0,481800,300200,782000,1778,1686,606,328,85,6,9,9,55
balanced,balanced-031,20260390,true,false,false,43,42,89,92,1,6,5,4,7,0,156,100,176,246,12,3,163,158,5,0,true,651100,26040,61980,109340,197840,380160,654300,675400,698640,,,,true,0,,true,64980,,true,681200,717340,0.9314285714285714,0.9349112426035503,0.8333333333333334,0,0.9074285714285708,0.9168639053254434,0.6416666666666666,0,444940,272400,717340,1624,1532,555,328,85,6,9,9,55
balanced,balanced-032,20260391,true,false,false,52,51,87,123,1,4,5,6,5,0,211,124,174,285,16,5,185,178,5,2,true,718100,26040,61980,121280,240300,458460,721300,742280,765780,785680,840180,841780,true,0,,true,64980,,true,725500,862880,0.9113300492610837,0.9319371727748691,0.5555555555555556,0.6666666666666666,0.8942364532019696,0.9156020942408369,0.6122222222222222,0.38000000000000006,540680,322200,862880,2112,2021,838,245,310,42,12,13,45
balanced,balanced-033,20260392,true,false,false,61,60,123,172,1,4,5,1,5,0,163,114,420,392,14,3,264,257,7,0,true,982440,26040,87180,158420,232060,447020,985640,1024260,1046960,1050560,,,true,0,,true,90180,,true,989840,1067660,0.9166666666666666,0.921146953405018,0.7777777777777778,0,0.9053819444444421,0.9148745519713237,0.611111111111111,0,651260,416400,1067660,2467,2354,871,244,165,9,10,10,60
balanced,balanced-034,20260393,true,false,false,51,50,99,139,1,4,5,6,5,0,2,102,464,315,12,3,204,197,7,0,true,744020,26040,61980,109340,198640,390080,747220,787580,831380,860880,,,true,0,,true,64980,,true,751420,877980,0.8869565217391304,0.9248826291079812,0.4117647058823529,0,0.8939999999999986,0.9165727699530503,0.6111764705882352,0,537580,340400,877980,2089,1997,801,281,252,17,10,11,55
balanced,balanced-035,20260394,true,false,false,61,60,179,138,1,6,5,42,7,0,84,92,570,376,50,5,279,272,5,2,true,754420,26040,61980,109340,182980,346180,775520,797020,801820,824120,1037920,1113620,true,0,,true,64980,818520,true,970820,1130320,0.9,0.9283276450511946,0.8333333333333334,0.18181818181818182,0.8838387096774186,0.9074744027303744,0.6316666666666667,0.3918181818181818,694720,435600,1130320,2947,2855,1131,328,322,122,12,8,70
balanced,balanced-036,20260395,true,false,false,55,54,136,120,1,4,5,16,5,0,2,100,511,335,18,5,217,210,5,2,true,746020,26040,61980,121280,195720,442920,749220,807220,811620,832320,914720,935820,true,0,,true,64980,,true,752220,959320,0.8714859437751004,0.8936170212765957,0.5555555555555556,0.4,0.8942570281124486,0.9141702127659563,0.6455555555555554,0.406,591320,368000,959320,2438,2343,1019,242,429,62,12,8,70
balanced,balanced-037,20260396,true,false,false,51,50,123,102,1,4,5,21,5,0,2,109,431,309,7,3,191,184,7,0,true,742540,26040,61980,109340,221320,488440,745740,786760,832160,837760,,,true,0,,true,64980,,true,750740,854860,0.880184331797235,0.9019607843137255,0.5384615384615384,0,0.8987096774193535,0.9178431372549006,0.5984615384615384,0,524860,330000,854860,1975,1883,738,265,211,13,10,10,60
balanced,balanced-038,20260397,true,false,false,49,48,101,97,1,6,5,22,7,0,2,124,357,275,8,3,164,159,5,0,true,687300,26040,61980,120480,241360,471820,711600,752740,781440,,,,true,0,,true,64980,,true,738500,798940,0.8586387434554974,0.8932584269662921,0.38461538461538464,0,0.8998952879581141,0.9185393258426958,0.6446153846153846,0,495340,303600,798940,1790,1699,628,361,131,13,9,9,55
balanced,balanced-039,20260398,true,false,false,52,51,127,121,1,4,5,20,5,0,112,110,370,335,8,3,216,210,6,0,true,795940,26040,61980,109340,213500,412540,799140,861000,884500,,,,true,0,,true,64980,,true,802140,905600,0.8925619834710744,0.9170305676855895,0.46153846153846156,0,0.9012396694214857,0.916812227074234,0.6269230769230768,0,553400,352200,905600,2134,2043,792,262,204,13,9,10,55
balanced,balanced-040,20260399,true,false,false,47,46,94,109,1,6,5,9,7,0,113,112,266,274,20,3,177,171,6,0,true,697960,26040,61980,133620,220660,400580,720260,740700,764200,,,,true,0,,true,64980,,true,725660,786900,0.8984771573604061,0.9095744680851063,0.6666666666666666,0,0.9046192893401004,0.9174468085106373,0.6366666666666665,0,484900,302000,786900,1798,1707,637,342,131,9,9,10,55
balanced,balanced-041,20260400,true,false,false,45,44,95,88,1,4,5,18,5,0,2,108,338,248,10,3,161,156,5,0,true,669260,26040,61980,109340,212700,412640,672460,693440,718940,,,,true,0,,true,64980,,true,677860,735640,0.9096045197740112,0.9176470588235294,0.7142857142857143,0,0.9061581920903949,0.9175294117647055,0.6299999999999999,0,456440,279200,735640,1650,1556,582,233,126,7,9,9,55
balanced,balanced-042,20260401,true,false,false,43,42,94,90,1,6,5,6,7,0,2,96,345,248,11,3,158,152,6,0,true,631320,26040,61980,109340,197040,374160,634520,655620,697960,,,,true,0,,true,64980,,true,662220,721060,0.8977272727272727,0.9156626506024096,0.6,0,0.9006818181818178,0.917469879518072,0.6219999999999998,0,447060,274000,721060,1668,1574,596,348,131,10,9,10,55
balanced,balanced-043,20260402,true,false,false,53,52,111,132,1,6,5,4,7,0,2,96,485,328,10,3,214,208,6,0,true,817560,26040,61980,109340,197040,496800,842260,863900,889400,,,,true,0,,true,64980,,true,848860,908500,0.9029535864978903,0.9203539823008849,0.5454545454545454,0,0.9035021097046394,0.9165486725663698,0.6354545454545453,0,556500,352000,908500,2080,1987,728,351,131,11,9,10,55
balanced,balanced-044,20260403,true,false,false,51,50,102,91,1,4,5,19,5,0,4,147,327,268,14,3,167,160,7,0,true,701080,26040,61980,133220,280240,523560,723380,745020,770920,791620,,,true,0,,true,64980,,true,728380,809120,0.9027027027027027,0.9142857142857143,0.7,0,0.9014594594594587,0.9170285714285709,0.6289999999999998,0,504720,304400,809120,1812,1674,658,249,177,10,10,11,55
balanced,balanced-045,20260404,true,false,false,59,58,142,128,1,6,5,24,7,0,225,136,275,371,8,3,239,233,6,0,true,915900,26040,61980,133220,264180,446100,938200,943000,985340,,,,true,0,,true,64980,,true,947600,1007240,0.9122137404580153,0.9282868525896414,0.5454545454545454,0,0.9037404580152649,0.9158964143426273,0.6263636363636361,0,616440,390800,1007240,2296,2203,797,352,131,11,9,10,55
balanced,balanced-046,20260405,true,false,false,48,47,108,83,1,4,5,25,5,0,162,109,197,270,10,3,168,162,6,0,true,689300,26040,61980,109340,213100,432300,710400,729240,752340,,,,true,0,,true,64980,,true,715800,776240,0.9081081081081082,0.9204545454545454,0.6666666666666666,0,0.9015135135135126,0.9165909090909082,0.6066666666666666,0,481640,294600,776240,1722,1631,605,244,131,9,9,10,55
balanced,balanced-047,20260406,true,false,false,54,53,121,126,1,4,5,19,5,0,2,109,483,336,8,3,214,208,6,0,true,833360,26040,61980,109340,221320,487640,836560,874380,897080,,,,true,0,,true,64980,,true,839560,920180,0.8879668049792531,0.9004329004329005,0.6,0,0.9050207468879649,0.9172727272727254,0.6219999999999999,0,562780,357400,920180,2109,2014,757,247,165,10,9,10,55
balanced,balanced-048,20260407,true,false,false,56,55,118,104,1,6,5,18,7,0,191,156,195,321,6,3,190,184,6,0,true,805940,26040,61980,204860,306100,574420,830240,849880,873780,,,,true,0,,true,64980,,true,836440,896880,0.8837209302325582,0.8932038834951457,0.6666666666666666,0,0.9044186046511614,0.9167475728155328,0.6222222222222222,0,553080,343800,896880,1966,1872,683,343,131,9,9,10,55
balanced,balanced-049,20260408,true,false,false,42,41,82,92,1,6,5,6,7,0,2,96,325,243,6,3,154,148,6,0,true,607420,26040,61980,109340,197040,390080,629720,651360,656160,,,,true,0,,true,64980,,true,636720,696760,0.9221556886227545,0.9367088607594937,0.6666666666666666,0,0.8989820359281435,0.9149999999999999,0.6177777777777776,0,433360,263400,696760,1606,1511,575,343,131,9,9,10,55
balanced,balanced-050,20260409,true,false,false,48,47,102,111,1,4,5,10,5,0,2,96,415,287,15,3,186,180,6,0,true,724120,26040,61980,109340,197040,444240,746420,767260,787160,,,,true,0,,true,64980,,true,751420,811460,0.9029126213592233,0.9090909090909091,0.75,0,0.9048058252427171,0.9164141414141402,0.6174999999999999,0,499660,311800,811460,1858,1766,656,239,131,8,9,10,55
aggressive,aggressive-001,20260410,true,false,false,44,43,92,97,1,4,5,5,5,0,97,104,254,258,12,3,161,155,6,0,true,614320,26040,63840,111200,200500,362900,619920,657340,684840,,,,true,0,,true,40180,,true,622920,728640,0.8846153846153846,0.9226190476190477,0.42857142857142855,0,0.894505494505494,0.9178571428571425,0.6142857142857141,0,448040,280600,728640,1727,1637,668,266,211,14,9,10,55
aggressive,aggressive-002,20260411,true,false,false,51,50,92,122,1,6,5,6,7,0,153,106,260,297,10,3,181,175,6,0,true,718120,26040,81880,140380,215880,468280,740420,765000,808400,,,,true,0,,true,40180,,true,748220,830700,0.8701923076923077,0.8974358974358975,0.46153846153846156,0,0.8999038461538448,0.9173846153846142,0.6376923076923077,0,507900,322800,830700,1894,1801,695,361,172,13,9,10,55
aggressive,aggressive-003,20260412,true,false,false,54,53,104,124,1,4,5,10,5,0,2,138,415,313,10,3,192,185,7,0,true,770140,26040,63840,170900,274260,449780,773340,812360,836660,864160,,,true,0,,true,40180,,true,778340,881260,0.8687782805429864,0.8894230769230769,0.5384615384615384,0,0.8997285067873287,0.9182692307692293,0.603076923076923,0,539460,341800,881260,2023,1921,759,263,211,13,10,11,55
aggressive,aggressive-004,20260413,true,false,false,50,49,94,127,1,4,5,4,5,0,123,102,310,300,16,3,189,183,6,0,true,754000,26040,63840,111200,199700,415860,776300,814920,818520,,,,true,0,,true,40180,,true,780900,837620,0.8709677419354839,0.8755980861244019,0.75,0,0.906912442396312,0.9170334928229653,0.6424999999999998,0,512220,325400,837620,1911,1819,674,237,119,8,9,10,55
aggressive,aggressive-005,20260414,true,false,false,47,46,99,93,1,4,5,11,5,0,109,122,236,277,4,3,168,162,6,0,true,653880,26040,63840,135080,236320,415440,677780,714800,738300,,,,true,0,,true,40180,,true,681180,761400,0.9032258064516129,0.9204545454545454,0.6,0,0.9000537634408596,0.9156249999999996,0.6259999999999998,0,469000,292400,761400,1749,1654,646,247,165,10,9,10,55
aggressive,aggressive-006,20260415,true,false,false,63,62,169,117,1,6,5,57,7,0,2,168,518,383,16,3,256,249,7,0,true,984940,26040,63840,135080,314080,507920,988140,1009240,1030480,1052780,,,true,0,,true,40180,,true,1015440,1070280,0.9175627240143369,0.9188191881918819,0.875,0,0.9066666666666644,0.9154612546125438,0.6087499999999999,0,654280,416000,1070280,2464,2323,859,339,131,8,10,11,55
aggressive,aggressive-007,20260416,true,false,false,44,43,95,92,1,6,5,12,7,0,84,94,274,254,10,3,164,157,7,0,true,601600,26040,63840,111200,184840,348040,645400,669180,691480,715380,,,true,0,,true,40180,,true,653200,732480,0.9060773480662984,0.9235294117647059,0.6363636363636364,0,0.8971270718232041,0.9144117647058823,0.6299999999999999,0,452280,280200,732480,1746,1611,652,352,172,11,10,11,55
aggressive,aggressive-008,20260417,true,false,false,46,45,89,101,1,4,5,1,5,0,116,111,232,257,14,3,165,158,7,0,true,659980,26040,63840,111200,223180,404300,663180,705400,726500,730500,,,true,0,,true,40180,,true,668580,748000,0.9016393442622951,0.9132947976878613,0.7,0,0.901530054644808,0.9176300578034675,0.6229999999999999,0,460600,287400,748000,1719,1623,637,249,165,10,10,11,55
aggressive,aggressive-009,20260418,true,false,false,45,44,89,88,1,4,5,7,5,0,84,112,242,250,6,3,157,152,5,0,true,640860,26040,68480,116240,219600,389160,663160,682800,706440,,,,true,0,,true,62060,,true,668160,726340,0.9075144508670521,0.9212121212121213,0.625,0,0.9024855491329477,0.9157575757575755,0.6287499999999998,0,451140,275200,726340,1629,1534,578,238,124,8,9,9,55
aggressive,aggressive-010,20260419,true,false,false,46,45,79,110,1,4,5,4,5,0,2,96,362,254,14,3,164,157,7,0,true,662900,26040,63840,122340,197040,393280,666100,705520,709520,731820,,,true,0,,true,40180,,true,671500,748920,0.9060773480662984,0.9181286549707602,0.7,0,0.901215469613259,0.9167836257309937,0.635,0,462720,286200,748920,1729,1609,640,248,165,10,10,11,55
aggressive,aggressive-011,20260420,true,false,false,53,52,100,123,1,6,5,5,7,0,207,106,228,308,14,3,196,191,5,0,true,777860,26040,81880,129240,216940,541020,802560,843700,847300,,,,true,0,,true,40180,,true,829860,866000,0.9032258064516129,0.9182692307692307,0.5555555555555556,0,0.9066359447004593,0.917307692307691,0.6599999999999999,0,530000,336000,866000,1926,1835,656,341,85,9,9,9,55
aggressive,aggressive-012,20260421,true,false,false,57,56,106,150,1,4,5,8,5,0,125,110,381,339,24,3,224,217,7,0,true,875060,26040,72860,144100,217740,435100,894960,915400,919800,940100,,,true,0,,true,40180,,true,902360,957600,0.9032258064516129,0.9004149377593361,1,0,0.9083064516129012,0.9168049792531101,0.6157142857142857,0,584800,372800,957600,2196,2056,773,234,131,7,10,11,55
aggressive,aggressive-013,20260422,true,false,false,51,50,119,103,1,4,5,20,5,0,2,96,438,293,20,3,195,190,5,0,true,757160,26040,63840,122340,197040,497600,779460,800840,826740,,,,true,0,,true,40180,,true,786860,845040,0.9112149532710281,0.9223300970873787,0.625,0,0.9060747663551388,0.9161650485436882,0.6462499999999999,0,517440,327600,845040,1918,1823,677,237,126,8,9,9,55
aggressive,aggressive-014,20260423,true,false,false,49,48,93,111,1,6,5,10,7,0,145,118,228,282,11,3,175,169,6,0,true,685460,26040,63840,147420,235520,417840,708160,730740,775740,780140,,,true,0,,true,40180,,true,715560,797640,0.8974358974358975,0.9234972677595629,0.5,0,0.8997435897435885,0.9175956284152995,0.6274999999999998,0,490040,307600,797640,1832,1735,675,357,172,12,10,9,60
aggressive,aggressive-015,20260424,true,false,false,53,52,123,118,1,6,5,8,7,0,2,98,478,326,10,3,217,211,6,0,true,832040,26040,63840,111200,198900,427780,835240,859140,879980,,,,true,0,,true,40180,,true,864140,899480,0.9234042553191489,0.9254385964912281,0.8571428571428571,0,0.907617021276594,0.9161403508771914,0.6299999999999999,0,549080,350400,899480,2046,1951,699,333,85,7,9,10,55
aggressive,aggressive-016,20260425,true,false,false,44,43,95,80,1,6,5,27,7,0,111,106,210,248,6,3,160,154,6,0,true,643260,26040,63840,135080,208720,391040,646460,667560,688800,,,,true,0,,true,40180,,true,674160,709100,0.9467455621301775,0.9447852760736196,1,0,0.905739644970414,0.9158895705521471,0.63,0,438500,270600,709100,1592,1498,550,328,85,6,9,10,55
aggressive,aggressive-017,20260426,true,false,false,45,44,81,96,1,4,5,10,5,0,116,110,208,246,10,3,162,155,7,0,true,631300,26040,72860,132160,220660,382260,634500,673120,677520,701020,,,true,0,,true,40180,,true,638700,718120,0.9473684210526315,0.9567901234567902,0.7777777777777778,0,0.8996491228070174,0.9154320987654322,0.6155555555555554,0,443720,274400,718120,1639,1538,610,243,165,9,10,11,55
aggressive,aggressive-018,20260427,true,false,false,45,44,102,94,1,4,5,17,5,0,2,96,376,273,8,3,169,164,5,0,true,665200,26040,63840,111200,185640,376280,686300,706340,729980,,,,true,0,,true,40180,,true,692500,749880,0.8941798941798942,0.9060773480662984,0.625,0,0.9057671957671949,0.9181767955801097,0.6249999999999999,0,460680,289200,749880,1731,1637,621,238,124,8,9,9,55
aggressive,aggressive-019,20260428,true,false,false,54,53,117,141,1,4,5,0,5,0,89,104,424,347,14,3,230,224,6,0,true,846940,26040,63840,123140,209780,373780,869240,890620,914120,,,,true,0,,true,40180,,true,874640,933620,0.9090909090909091,0.9180327868852459,0.6666666666666666,0,0.9067193675889307,0.9163934426229489,0.6444444444444444,0,567020,366600,933620,2172,2082,766,241,126,9,9,10,55
aggressive,aggressive-020,20260429,true,false,false,49,48,113,104,1,6,5,21,7,0,98,102,322,298,12,3,183,177,6,0,true,704880,26040,81880,129240,202880,383600,746280,752280,795680,,,,true,0,,true,40180,,true,755280,817980,0.8755980861244019,0.8984771573604061,0.5,0,0.9018181818181804,0.917715736040608,0.6408333333333333,0,499580,318400,817980,1897,1807,681,356,138,12,9,10,55
aggressive,aggressive-021,20260430,true,false,false,53,52,112,113,1,6,5,3,7,0,168,116,260,306,12,5,190,183,5,2,true,697680,26040,68480,140120,228620,444780,719980,740820,746420,767120,844720,870220,true,0,,true,62060,,true,726980,892120,0.8636363636363636,0.8798076923076923,0.7142857142857143,0.4,0.8934999999999993,0.9141346153846148,0.6357142857142856,0.396,553320,338800,892120,2224,2131,909,333,361,61,12,8,70
aggressive,aggressive-022,20260431,true,false,false,42,41,83,83,1,6,5,5,7,0,112,98,191,234,7,3,148,141,7,0,true,589100,26040,72860,120220,193860,355460,611400,617000,639700,661600,,,true,0,,true,40180,,true,620800,678700,0.9308176100628931,0.9337748344370861,0.875,0,0.9008176100628932,0.915496688741722,0.6237499999999999,0,421700,257000,678700,1585,1447,579,339,138,8,10,11,55
aggressive,aggressive-023,20260432,true,false,false,82,81,250,231,1,10,5,29,11,0,99,94,920,345,291,5,414,406,6,2,true,662140,26040,63840,111200,184840,348840,684440,754140,781640,845340,1551040,1580140,true,0,,true,40180,1058340,true,1536940,1598840,0.8789808917197452,0.8923076923076924,0.5,0.5,0.8866029723991539,0.8984175824175855,0.6058333333333333,0.385,968640,630200,1598840,4195,4102,1448,560,138,55,12,8,70
aggressive,aggressive-024,20260433,true,false,false,81,80,233,215,1,10,5,27,11,0,2,128,913,330,265,5,384,377,5,2,true,689440,26040,63840,123140,253300,428820,711740,738840,760740,875040,1486340,1512240,true,0,,true,40180,781040,true,1472240,1534140,0.8787185354691075,0.8954869358669834,0.4166666666666667,0.5,0.8864530892448536,0.8998812351543969,0.5841666666666667,0.38000000000000006,933740,600400,1534140,3965,3874,1367,563,138,56,12,8,70
aggressive,aggressive-025,20260434,true,false,false,52,51,98,125,1,4,5,15,5,0,98,117,326,301,15,3,198,193,5,0,true,788740,26040,63840,123140,226500,414380,791940,812920,836820,,,,true,0,,true,40180,,true,796940,855520,0.9166666666666666,0.919047619047619,0.8333333333333334,0,0.908657407407406,0.9164761904761891,0.6349999999999999,0,523720,331800,855520,1922,1831,677,228,126,6,9,9,55
aggressive,aggressive-026,20260435,true,false,false,47,46,95,116,1,6,5,4,7,0,128,94,280,286,12,3,185,178,7,0,true,667720,26040,63840,111200,184840,347240,709920,735960,756260,782560,,,true,0,,true,40180,,true,718520,799660,0.9024390243902439,0.9319371727748691,0.5,0,0.8967317073170721,0.9164921465968578,0.6271428571428571,0,491260,308400,799660,1918,1785,713,367,177,14,10,11,55
aggressive,aggressive-027,20260436,true,false,false,94,93,285,247,1,6,5,70,7,0,157,143,937,401,304,5,451,444,5,2,true,891080,26040,72860,120220,270160,506220,894280,914980,916980,936480,1740180,1761680,true,0,,true,40180,934480,true,1648780,1785180,0.8606870229007634,0.8722986247544204,0.8333333333333334,0.2222222222222222,0.887729007633591,0.8992534381139523,0.6316666666666667,0.4066666666666667,1078980,706200,1785180,4605,4515,1652,328,276,99,12,8,70
aggressive,aggressive-028,20260437,true,false,false,45,44,93,87,1,4,5,13,5,0,108,116,215,253,6,3,158,151,7,0,true,635020,26040,63840,135080,224380,420220,657320,679760,702060,706460,,,true,0,,true,40180,,true,664720,723960,0.9186046511627907,0.9263803680981595,0.7777777777777778,0,0.9012209302325579,0.9168098159509203,0.6188888888888887,0,447960,276000,723960,1650,1556,594,244,131,9,10,11,55
aggressive,aggressive-029,20260438,true,false,false,62,61,134,181,1,6,5,8,7,0,2,104,636,422,8,3,264,258,6,0,true,982620,26040,81880,129240,203680,395920,1006920,1028820,1075420,,,,true,0,,true,40180,,true,1034220,1096520,0.8599348534201955,0.8775510204081632,0.46153846153846156,0,0.9051140065146555,0.9178911564625826,0.616153846153846,0,660720,435800,1096520,2575,2484,906,361,138,13,9,10,55
aggressive,aggressive-030,20260439,true,false,false,50,49,117,99,1,4,5,25,5,0,2,98,423,299,6,3,191,185,6,0,true,738300,26040,63840,111200,198900,484740,741500,781720,806820,,,,true,0,,true,40180,,true,747300,827120,0.9138755980861244,0.9343434343434344,0.5454545454545454,0,0.901387559808611,0.9164646464646452,0.6299999999999999,0,506920,320200,827120,1895,1803,693,253,165,11,9,10,55
aggressive,aggressive-031,20260440,true,false,false,49,48,99,112,1,6,5,3,7,0,2,96,412,288,12,3,187,181,6,0,true,743620,26040,63840,111200,185640,449560,765920,772320,794220,,,,true,0,,true,40180,,true,775320,812920,0.9121951219512195,0.9187817258883249,0.75,0,0.9056097560975598,0.9164974619289329,0.6375,0,498520,314400,812920,1837,1747,632,337,92,8,9,10,55
aggressive,aggressive-032,20260441,true,false,false,42,41,82,81,1,4,5,20,5,0,2,102,298,232,4,3,143,137,6,0,true,602640,26040,72860,120220,207920,384240,605840,626820,646720,,,,true,0,,true,40180,,true,608840,667420,0.910828025477707,0.9133333333333333,0.8571428571428571,0,0.9043949044585986,0.9174666666666667,0.6242857142857142,0,413220,254200,667420,1508,1415,545,233,126,7,9,10,55
aggressive,aggressive-033,20260442,true,false,false,51,50,144,91,1,4,5,63,5,0,2,98,463,314,12,3,200,194,6,0,true,732220,26040,63840,111200,198900,394740,754520,774160,824900,,,,true,0,,true,40180,,true,761120,867500,0.8771929824561403,0.9107981220657277,0.4,0,0.8959210526315773,0.9165258215962424,0.6033333333333333,0,529100,338400,867500,2055,1964,778,273,216,15,9,10,55
aggressive,aggressive-034,20260443,true,false,false,53,52,109,146,1,4,5,4,5,0,125,94,384,344,6,3,227,220,7,0,true,791440,26040,63840,111200,184840,365560,813740,834980,840180,907880,,,true,0,,true,40180,,true,821940,924980,0.9190283400809717,0.944206008583691,0.5,0,0.8961943319838038,0.9145922746781098,0.5899999999999999,0,564980,360000,924980,2250,2103,849,269,223,14,10,11,55
aggressive,aggressive-035,20260444,true,false,false,42,41,78,89,1,6,5,5,7,0,96,100,212,238,4,3,152,145,7,0,true,589900,26040,63840,123140,196780,375100,614200,634900,659600,663600,,,true,0,,true,40180,,true,642300,680300,0.9382716049382716,0.9477124183006536,0.7777777777777778,0,0.8993827160493825,0.9154248366013072,0.6266666666666665,0,421700,258600,680300,1555,1462,542,343,92,9,10,11,55
aggressive,aggressive-036,20260445,true,false,false,47,46,93,110,1,4,5,4,5,0,2,96,391,273,15,3,174,168,6,0,true,664240,26040,63840,111200,185640,431640,686540,707780,754380,,,,true,0,,true,40180,,true,693140,777480,0.8969072164948454,0.9230769230769231,0.5,0,0.8971649484536074,0.9167582417582409,0.5999999999999998,0,477480,300000,777480,1810,1720,673,258,177,12,9,10,55
aggressive,aggressive-037,20260446,true,false,false,48,47,95,82,1,4,5,21,5,0,2,126,315,254,4,3,156,150,6,0,true,659680,26040,72860,144100,247060,463320,662880,704440,723280,,,,true,0,,true,40180,,true,665880,743180,0.9069767441860465,0.9202453987730062,0.6666666666666666,0,0.9035465116279067,0.9176073619631901,0.6488888888888887,0,459380,283800,743180,1628,1536,594,241,153,9,9,10,55
aggressive,aggressive-038,20260447,true,false,false,70,69,224,159,1,4,5,69,5,0,176,94,623,491,23,3,336,330,6,0,true,1192660,26040,63840,111200,184840,456360,1212560,1235000,1258100,,,,true,0,,true,40180,,true,1221960,1281600,0.896,0.9016393442622951,0.6666666666666666,0,0.9086933333333317,0.9160109289617471,0.611111111111111,0,768200,513400,1281600,3024,2934,1052,244,131,9,9,10,55
aggressive,aggressive-039,20260448,true,false,false,52,51,106,92,1,4,5,19,5,0,2,151,338,277,16,3,173,166,7,0,true,732160,26040,81880,129240,279580,491980,752060,773300,777300,800000,,,true,0,,true,40180,,true,759860,817500,0.9057591623036649,0.907103825136612,0.875,0,0.9039790575916221,0.9172131147540975,0.60125,0,505700,311800,817500,1808,1695,639,240,131,8,10,11,55
aggressive,aggressive-040,20260449,true,false,false,53,52,140,90,1,6,5,50,7,0,175,126,248,323,4,3,196,189,7,0,true,791540,26040,63840,147820,250380,449820,794740,816240,837480,863380,,,true,0,,true,40180,,true,821640,880080,0.875,0.883177570093458,0.7,0,0.9031696428571413,0.9176635514018677,0.593,0,538480,341600,880080,2006,1913,710,351,131,10,10,11,55
aggressive,aggressive-041,20260450,true,false,false,43,42,93,82,1,4,5,16,5,0,2,98,329,236,14,3,157,151,6,0,true,612740,26040,63840,111200,198900,392740,632640,655220,675520,,,,true,0,,true,40180,,true,642040,699420,0.9235294117647059,0.937888198757764,0.6666666666666666,0,0.9006470588235291,0.9169565217391304,0.6088888888888888,0,432220,267200,699420,1604,1512,577,244,126,9,9,10,55
aggressive,aggressive-042,20260451,true,false,false,43,42,93,78,1,4,5,17,5,0,2,100,317,238,8,3,150,143,7,0,true,602380,26040,72860,120220,194660,405220,622280,644320,666620,672620,,,true,0,,true,40180,,true,631280,690120,0.9146341463414634,0.9225806451612903,0.7777777777777778,0,0.8998170731707317,0.917225806451613,0.6,0,426920,263200,690120,1576,1482,571,244,131,9,10,11,55
aggressive,aggressive-043,20260452,true,false,false,44,43,83,97,1,4,5,11,5,0,127,102,209,243,16,3,160,154,6,0,true,626800,26040,63840,122340,198640,376960,652700,671680,693980,,,,true,0,,true,40180,,true,657300,715480,0.9195402298850575,0.9221556886227545,0.8571428571428571,0,0.9033333333333331,0.9142514970059878,0.6428571428571429,0,441680,273800,715480,1636,1544,587,233,126,7,9,10,55
aggressive,aggressive-044,20260453,true,false,false,44,43,95,90,1,4,5,8,5,0,2,96,352,257,7,3,158,152,6,0,true,611940,26040,63840,111200,185640,396200,638640,658820,700760,,,,true,0,,true,40180,,true,641640,722660,0.88268156424581,0.8994082840236687,0.6,0,0.8992178770949716,0.9153846153846151,0.6259999999999998,0,444860,277800,722660,1679,1588,625,248,165,10,9,10,55
aggressive,aggressive-045,20260454,true,false,false,44,43,81,88,1,4,5,5,5,0,2,108,306,236,8,3,154,147,7,0,true,629700,26040,63840,135880,209520,438400,632900,653480,673780,677780,,,true,0,,true,40180,,true,638300,695280,0.9565217391304348,0.9545454545454546,1,0,0.9034782608695653,0.916753246753247,0.6114285714285713,0,431080,264200,695280,1558,1461,559,234,126,7,10,11,55
aggressive,aggressive-046,20260455,true,false,false,48,47,124,89,1,6,5,35,7,0,151,94,265,296,6,3,189,183,6,0,true,718940,26040,63840,111200,184840,383480,743240,746840,789320,,,,true,0,,true,40180,,true,750640,808420,0.9130434782608695,0.9242424242424242,0.6666666666666666,0,0.902560386473429,0.9147979797979789,0.6333333333333332,0,495420,313000,808420,1869,1775,666,343,124,9,9,10,55
aggressive,aggressive-047,20260456,true,false,false,44,43,92,93,1,4,5,5,5,0,2,98,351,248,14,3,160,155,5,0,true,635040,26040,63840,111200,198900,377620,638240,678460,700360,,,,true,0,,true,40180,,true,642840,723060,0.8888888888888888,0.9117647058823529,0.5,0,0.9013333333333328,0.9177647058823525,0.6219999999999999,0,444860,278200,723060,1675,1583,624,249,165,10,9,9,55
aggressive,aggressive-048,20260457,true,false,false,45,44,102,75,1,6,5,27,7,0,132,106,196,250,8,3,156,151,5,0,true,652280,26040,81880,129240,216940,398460,655480,676980,699820,,,,true,0,,true,40180,,true,683180,719720,0.9017341040462428,0.9041916167664671,0.8333333333333334,0,0.9075722543352598,0.916946107784431,0.6466666666666666,0,443720,276000,719720,1602,1508,553,328,85,6,9,9,55
aggressive,aggressive-049,20260458,true,false,false,44,43,101,89,1,4,5,16,5,0,124,94,240,257,16,3,170,165,5,0,true,641960,26040,63840,111200,184840,383080,661860,683900,712200,,,,true,0,,true,40180,,true,670460,731300,0.918918918918919,0.9322033898305084,0.625,0,0.9043783783783776,0.9167796610169485,0.6299999999999999,0,449100,282200,731300,1692,1602,611,238,131,8,9,9,55
aggressive,aggressive-050,20260459,true,false,false,49,48,107,80,1,6,5,28,7,0,2,144,314,263,9,3,158,151,7,0,true,683040,26040,63840,146620,275860,470500,705340,711740,753140,756740,,,true,0,,true,40180,,true,714740,773840,0.88268156424581,0.893491124260355,0.7,0,0.9013966480446921,0.9182840236686385,0.6159999999999999,0,479440,294400,773840,1741,1623,623,348,138,10,10,11,55
